{"cameraMode":{"drawMode":0,"name":"Shaded","section":"Shading Mode"},"sceneLighting":false,"audioPlay":false,"sceneViewState":{"showFog":true,"showMaterialUpdate":false,"showSkybox":true,"showFlares":true,"showImageEffects":true,"showParticleSystems":true},"in2DMode":false,"pivot":{"x":-0.18620383739471436,"y":0.022928833961486818,"z":-80.16926574707031},"rotation":{"x":0.23362809419631959,"y":-0.004380204249173403,"z":0.0010524478275328875,"w":0.9723156690597534},"size":2.8578836917877199,"orthographic":false}