{"cameraMode":{"drawMode":0,"name":"Shaded","section":"Shading Mode"},"sceneLighting":false,"audioPlay":false,"sceneViewState":{"showFog":true,"showMaterialUpdate":false,"showSkybox":true,"showFlares":true,"showImageEffects":true,"showParticleSystems":true},"in2DMode":false,"pivot":{"x":0.1469656229019165,"y":-0.04790855944156647,"z":-0.07682980597019196},"rotation":{"x":-0.05208553746342659,"y":0.9472444653511047,"z":-0.24117475748062135,"w":-0.2045723795890808},"size":2.8578836917877199,"orthographic":false}