{"cameraMode":{"drawMode":0,"name":"Shaded","section":"Shading Mode"},"sceneLighting":false,"audioPlay":false,"sceneViewState":{"showFog":true,"showMaterialUpdate":false,"showSkybox":true,"showFlares":true,"showImageEffects":true,"showParticleSystems":true},"in2DMode":false,"pivot":{"x":0.37843644618988039,"y":-0.46621400117874148,"z":-0.38335129618644717},"rotation":{"x":0.08839523792266846,"y":0.9099801778793335,"z":-0.31353211402893069,"w":0.2565542459487915},"size":1.3578839302062989,"orthographic":false}